{"cameraMode":{"drawMode":0,"name":"Shaded","section":"Shading Mode"},"sceneLighting":false,"audioPlay":false,"sceneViewState":{"showFog":true,"showMaterialUpdate":false,"showSkybox":false,"showFlares":true,"showImageEffects":true,"showParticleSystems":true},"in2DMode":false,"pivot":{"x":-0.0732979103922844,"y":1.6659263372421265,"z":-2.0333786010742189},"rotation":{"x":-0.09610575437545777,"y":-0.033739086240530017,"z":0.003259488381445408,"w":-0.9947947859764099},"size":0.5752550363540649,"orthographic":false}