{"cameraMode":{"drawMode":0,"name":"Shaded","section":"Shading Mode"},"sceneLighting":true,"audioPlay":false,"sceneViewState":{"showFog":true,"showMaterialUpdate":false,"showSkybox":true,"showFlares":true,"showImageEffects":true,"showParticleSystems":true},"in2DMode":false,"pivot":{"x":-0.6300057172775269,"y":-13.862154006958008,"z":41.23716354370117},"rotation":{"x":-0.1512286365032196,"y":0.0020727794617414476,"z":-0.00031552466680295765,"w":-0.9885056018829346},"size":24.57109832763672,"orthographic":false}